{"val/loss":1.641417145729065,"lr":0.0001,"train/loss":1.3809248208999634,"_runtime":64,"mfu":0.24371549882890897,"_wandb":{"runtime":64},"_timestamp":1.770245705912788e+09,"iter":2000,"_step":8}