{"lr":0.0001,"_timestamp":1.770247461334244e+09,"iter":2000,"mfu":0.096161574207401,"train/loss":0.5989536643028259,"val/loss":0.6070578694343567,"_wandb":{"runtime":36},"_step":40,"_runtime":36}