{"_runtime":81,"_timestamp":1.7702475958392801e+09,"val/loss":1.6396229267120361,"lr":0.0001,"_step":8,"iter":2000,"train/loss":1.3790632486343384,"mfu":0.2297358026741083,"_wandb":{"runtime":81}}