{"iter":2000,"_wandb":{"runtime":58},"train/loss":1.383721113204956,"lr":0.0001,"mfu":0.2600686680424448,"_runtime":58,"_step":8,"val/loss":1.6301755905151367,"_timestamp":1.77024532913483e+09}