{"mfu":0.068945339412237,"lr":0.0001,"val/loss":0.606584906578064,"iter":2000,"_wandb":{"runtime":33},"_step":40,"train/loss":0.5984817743301392,"_timestamp":1.7702447863545432e+09,"_runtime":33}