{"_runtime":31,"train/loss":0.6010848879814148,"mfu":0.09007571124777461,"lr":0.0001,"val/loss":0.6209924817085266,"_wandb":{"runtime":31},"_step":40,"iter":2000,"_timestamp":1.770247499623502e+09}